<?xml version="1.0" encoding="utf-8"?>
<feed xmlns="http://www.w3.org/2005/Atom">
    <title>wiki</title>
    <link href="https://github.com/cmccwiki/pbulii.git/feed.xml" rel="self" />
    <link href="https://github.com/cmccwiki/pbulii.git" />
    <updated>2023-07-17T23:31:32+08:00</updated>
    <author>
        <name>cmcc</name>
    </author>
    <id>https://github.com/cmccwiki/pbulii.git</id>

    <entry>
        <title>阿斯顿啊</title>
        <author>
            <name>cmcc</name>
        </author>
        <link href="https://github.com/cmccwiki/pbulii.git/a-si-dun-a.html"/>
        <id>https://github.com/cmccwiki/pbulii.git/a-si-dun-a.html</id>

        <updated>2023-07-17T23:31:32+08:00</updated>
            <summary></summary>
        <content></content>
    </entry>
    <entry>
        <title>789</title>
        <author>
            <name>cmcc</name>
        </author>
        <link href="https://github.com/cmccwiki/pbulii.git/789.html"/>
        <id>https://github.com/cmccwiki/pbulii.git/789.html</id>

        <updated>2023-07-17T12:58:36+08:00</updated>
            <summary></summary>
        <content type="html">
            <![CDATA[
                <figure class="post__image"><img loading="lazy"  src="https://github.com/cmccwiki/pbulii.git/media/posts/4/Wei-Xin-Tu-Pian_20230705103649.jpg" sizes="100vw" srcset="https://github.com/cmccwiki/pbulii.git/media/posts/4/responsive/Wei-Xin-Tu-Pian_20230705103649-xs.jpg 300w ,https://github.com/cmccwiki/pbulii.git/media/posts/4/responsive/Wei-Xin-Tu-Pian_20230705103649-sm.jpg 480w ,https://github.com/cmccwiki/pbulii.git/media/posts/4/responsive/Wei-Xin-Tu-Pian_20230705103649-md.jpg 768w ,https://github.com/cmccwiki/pbulii.git/media/posts/4/responsive/Wei-Xin-Tu-Pian_20230705103649-lg.jpg 1024w ,https://github.com/cmccwiki/pbulii.git/media/posts/4/responsive/Wei-Xin-Tu-Pian_20230705103649-xl.jpg 1360w ,https://github.com/cmccwiki/pbulii.git/media/posts/4/responsive/Wei-Xin-Tu-Pian_20230705103649-2xl.jpg 1600w"  alt="" width="1280" height="1706"></figure>
            ]]>
        </content>
    </entry>
    <entry>
        <title>456</title>
        <author>
            <name>cmcc</name>
        </author>
        <link href="https://github.com/cmccwiki/pbulii.git/456.html"/>
        <id>https://github.com/cmccwiki/pbulii.git/456.html</id>
            <category term="66666"/>

        <updated>2023-07-17T12:56:25+08:00</updated>
            <summary></summary>
        <content type="html">
            <![CDATA[
                
<h3 class="msg msg--info"> </h3>
            ]]>
        </content>
    </entry>
    <entry>
        <title>终端设备</title>
        <author>
            <name>cmcc</name>
        </author>
        <link href="https://github.com/cmccwiki/pbulii.git/zhong-duan-she-bei.html"/>
        <id>https://github.com/cmccwiki/pbulii.git/zhong-duan-she-bei.html</id>

        <updated>2023-07-17T12:53:03+08:00</updated>
            <summary>
                <![CDATA[
                    7
                ]]>
            </summary>
        <content type="html">
            <![CDATA[
                <p> </p>
<p>7</p>
            ]]>
        </content>
    </entry>
    <entry>
        <title>测试</title>
        <author>
            <name>cmcc</name>
        </author>
        <link href="https://github.com/cmccwiki/pbulii.git/ce-shi.html"/>
        <id>https://github.com/cmccwiki/pbulii.git/ce-shi.html</id>

        <updated>2023-07-17T12:50:38+08:00</updated>
            <summary>
                <![CDATA[
                    正文
                ]]>
            </summary>
        <content type="html">
            <![CDATA[
                <p>正文</p>
            ]]>
        </content>
    </entry>
</feed>
