{
    "version": "https://jsonfeed.org/version/1",
    "title": "wiki",
    "description": "",
    "home_page_url": "https://github.com/cmccwiki/pbulii.git",
    "feed_url": "https://github.com/cmccwiki/pbulii.git/feed.json",
    "user_comment": "",
    "author": {
        "name": "cmcc"
    },
    "items": [
        {
            "id": "https://github.com/cmccwiki/pbulii.git/a-si-dun-a.html",
            "url": "https://github.com/cmccwiki/pbulii.git/a-si-dun-a.html",
            "title": "阿斯顿啊",
            "author": {
                "name": "cmcc"
            },
            "tags": [
            ],
            "date_published": "2023-07-17T23:31:32+08:00",
            "date_modified": "2023-07-17T23:31:32+08:00"
        },
        {
            "id": "https://github.com/cmccwiki/pbulii.git/789.html",
            "url": "https://github.com/cmccwiki/pbulii.git/789.html",
            "title": "789",
            "content_html": "<figure class=\"post__image\"><img loading=\"lazy\"  src=\"https://github.com/cmccwiki/pbulii.git/media/posts/4/Wei-Xin-Tu-Pian_20230705103649.jpg\" sizes=\"100vw\" srcset=\"https://github.com/cmccwiki/pbulii.git/media/posts/4/responsive/Wei-Xin-Tu-Pian_20230705103649-xs.jpg 300w ,https://github.com/cmccwiki/pbulii.git/media/posts/4/responsive/Wei-Xin-Tu-Pian_20230705103649-sm.jpg 480w ,https://github.com/cmccwiki/pbulii.git/media/posts/4/responsive/Wei-Xin-Tu-Pian_20230705103649-md.jpg 768w ,https://github.com/cmccwiki/pbulii.git/media/posts/4/responsive/Wei-Xin-Tu-Pian_20230705103649-lg.jpg 1024w ,https://github.com/cmccwiki/pbulii.git/media/posts/4/responsive/Wei-Xin-Tu-Pian_20230705103649-xl.jpg 1360w ,https://github.com/cmccwiki/pbulii.git/media/posts/4/responsive/Wei-Xin-Tu-Pian_20230705103649-2xl.jpg 1600w\"  alt=\"\" width=\"1280\" height=\"1706\"></figure>",
            "author": {
                "name": "cmcc"
            },
            "tags": [
            ],
            "date_published": "2023-07-17T12:58:36+08:00",
            "date_modified": "2023-07-17T12:58:36+08:00"
        },
        {
            "id": "https://github.com/cmccwiki/pbulii.git/456.html",
            "url": "https://github.com/cmccwiki/pbulii.git/456.html",
            "title": "456",
            "content_html": "\n<h3 class=\"msg msg--info\"> </h3>",
            "author": {
                "name": "cmcc"
            },
            "tags": [
                   "66666"
            ],
            "date_published": "2023-07-17T12:56:25+08:00",
            "date_modified": "2023-07-17T12:56:25+08:00"
        },
        {
            "id": "https://github.com/cmccwiki/pbulii.git/zhong-duan-she-bei.html",
            "url": "https://github.com/cmccwiki/pbulii.git/zhong-duan-she-bei.html",
            "title": "终端设备",
            "summary": "7",
            "content_html": "<p> </p>\n<p>7</p>",
            "author": {
                "name": "cmcc"
            },
            "tags": [
            ],
            "date_published": "2023-07-17T12:53:03+08:00",
            "date_modified": "2023-07-17T12:53:03+08:00"
        },
        {
            "id": "https://github.com/cmccwiki/pbulii.git/ce-shi.html",
            "url": "https://github.com/cmccwiki/pbulii.git/ce-shi.html",
            "title": "测试",
            "summary": "正文",
            "content_html": "<p>正文</p>",
            "author": {
                "name": "cmcc"
            },
            "tags": [
            ],
            "date_published": "2023-07-17T12:49:10+08:00",
            "date_modified": "2023-07-17T12:50:38+08:00"
        }
    ]
}
