[
    {
        "path": "404.html",
        "type": "file",
        "md5": "433810d8f5a98b51a63b347a096880e7"
    },
    {
        "path": "456.html",
        "type": "file",
        "md5": "9d4443b5adf8dd33b7f3bfd133d46e0c"
    },
    {
        "path": "789.html",
        "type": "file",
        "md5": "82288b48a15d7b210b5a7b57980db0d4"
    },
    {
        "path": "a-si-dun-a.html",
        "type": "file",
        "md5": "f8726abdc818b47934c13b1c2ed94089"
    },
    {
        "path": "assets",
        "type": "directory",
        "md5": false
    },
    {
        "path": "assets/css",
        "type": "directory",
        "md5": false
    },
    {
        "path": "/assets/css/editor.css",
        "type": "file",
        "md5": "4202808df745f2ac7ab250606fa0d272"
    },
    {
        "path": "/assets/css/main.css",
        "type": "file",
        "md5": "cb9f0c010889a7919feb96d5e6b3b993"
    },
    {
        "path": "/assets/css/photoswipe.css",
        "type": "file",
        "md5": "7331f6eb15671b2fc8e3ffd46e849f7b"
    },
    {
        "path": "/assets/css/style.css",
        "type": "file",
        "md5": "4128e7e1a641a287245dedc222b18c79"
    },
    {
        "path": "assets/dynamic",
        "type": "directory",
        "md5": false
    },
    {
        "path": "assets/js",
        "type": "directory",
        "md5": false
    },
    {
        "path": "/assets/js/photoswipe-ui-default.min.js",
        "type": "file",
        "md5": "9952f77ca2b8fbc9449a268008ea8dee"
    },
    {
        "path": "/assets/js/photoswipe.min.js",
        "type": "file",
        "md5": "b586a3bc288c989ecce7b81b48e35855"
    },
    {
        "path": "/assets/js/scripts.js",
        "type": "file",
        "md5": "e0c4d53c21e83015f166f4b853f8ade4"
    },
    {
        "path": "/assets/js/scripts.min.js",
        "type": "file",
        "md5": "f47c11534595205f20935f0db2a62a85"
    },
    {
        "path": "/assets/js/svg-fix.js",
        "type": "file",
        "md5": "9b7d020c55e2b4f77ab40c97f88f9ff4"
    },
    {
        "path": "/assets/js/svg-map.js",
        "type": "file",
        "md5": "3f007dc85fd8629e11dad3e000154b2b"
    },
    {
        "path": "assets/svg",
        "type": "directory",
        "md5": false
    },
    {
        "path": "/assets/svg/gallery-icons-dark.svg",
        "type": "file",
        "md5": "a4f588d02a5173243813af82b5d5546e"
    },
    {
        "path": "/assets/svg/gallery-icons-light.svg",
        "type": "file",
        "md5": "38f529a5cfc8469010687b31596e8208"
    },
    {
        "path": "/assets/svg/svg-map.svg",
        "type": "file",
        "md5": "25970b4dc9b91773247e995cb3d0318a"
    },
    {
        "path": "authors",
        "type": "directory",
        "md5": false
    },
    {
        "path": "authors/cmcc",
        "type": "directory",
        "md5": false
    },
    {
        "path": "/authors/cmcc/index.html",
        "type": "file",
        "md5": "e3504fb6a970ab5922bfc645013d9982"
    },
    {
        "path": "ce-shi.html",
        "type": "file",
        "md5": "de22267734049ffe540ba9485c840b23"
    },
    {
        "path": "feed.json",
        "type": "file",
        "md5": "aafc79e54c169fc5ed4b5f08d631dbc9"
    },
    {
        "path": "feed.xml",
        "type": "file",
        "md5": "da839a71ff24b2f2405868f7a38522e2"
    },
    {
        "path": "index.html",
        "type": "file",
        "md5": "ba4212c719dbec7279e3715deea62ea4"
    },
    {
        "path": "media",
        "type": "directory",
        "md5": false
    },
    {
        "path": "media/posts",
        "type": "directory",
        "md5": false
    },
    {
        "path": "media/posts/4",
        "type": "directory",
        "md5": false
    },
    {
        "path": "media/posts/4/responsive",
        "type": "directory",
        "md5": false
    },
    {
        "path": "/media/posts/4/responsive/Wei-Xin-Tu-Pian_20230705103649-2xl.jpg",
        "type": "file",
        "md5": "e0d33b71e46b76d9244ad21aea93b317"
    },
    {
        "path": "/media/posts/4/responsive/Wei-Xin-Tu-Pian_20230705103649-lg.jpg",
        "type": "file",
        "md5": "684a7cd00bda6595fa59b0d5186423f4"
    },
    {
        "path": "/media/posts/4/responsive/Wei-Xin-Tu-Pian_20230705103649-md.jpg",
        "type": "file",
        "md5": "3ddf60ba277fb018db9d54a221ffde7a"
    },
    {
        "path": "/media/posts/4/responsive/Wei-Xin-Tu-Pian_20230705103649-sm.jpg",
        "type": "file",
        "md5": "e5ed9abd2c7ba4931b7d0221beb1f6c5"
    },
    {
        "path": "/media/posts/4/responsive/Wei-Xin-Tu-Pian_20230705103649-xl.jpg",
        "type": "file",
        "md5": "e0d33b71e46b76d9244ad21aea93b317"
    },
    {
        "path": "/media/posts/4/responsive/Wei-Xin-Tu-Pian_20230705103649-xs.jpg",
        "type": "file",
        "md5": "f8ab2cb7bd6a51d4b271c166fc4aae13"
    },
    {
        "path": "/media/posts/4/Wei-Xin-Tu-Pian_20230705103649.jpg",
        "type": "file",
        "md5": "4ae8c6ce62b98340fa555b3103a567ae"
    },
    {
        "path": "robots.txt",
        "type": "file",
        "md5": "4b4a3aeb9feba383059390d25a7ab51f"
    },
    {
        "path": "search.html",
        "type": "file",
        "md5": "0e37bdab6623655bcf4007c688599958"
    },
    {
        "path": "sitemap.xml",
        "type": "file",
        "md5": "2110c45a03309f9946f9f1941a91ba4d"
    },
    {
        "path": "sitemap.xsl",
        "type": "file",
        "md5": "03c2f9a7fdcc46ff05c435907614a0b8"
    },
    {
        "path": "tags",
        "type": "directory",
        "md5": false
    },
    {
        "path": "tags/66666",
        "type": "directory",
        "md5": false
    },
    {
        "path": "/tags/66666/index.html",
        "type": "file",
        "md5": "21952b1e747c0a5428b7c7548ec7b1dc"
    },
    {
        "path": "/tags/index.html",
        "type": "file",
        "md5": "552dfe6ab8d43f8bb528a72ab7deacb3"
    },
    {
        "path": "zhong-duan-she-bei.html",
        "type": "file",
        "md5": "b74e8d8cffef42e89d8811f3abf8d686"
    }
]